city,avg_temp,avg_humidity,total_precipitation,rainy_days
Casablanca,22.6605,59.82333333333334,0.0,0
London,18.265666666666668,59.49333333333333,33.17,13
New York,20.87633333333333,63.684,65.42,14
Paris,20.1445,61.330000000000005,28.459999999999997,11
Tokyo,23.383166666666668,62.806000000000004,596.56,18
